{"cameraMode":{"drawMode":0,"name":"Shaded","section":"Shading Mode"},"sceneLighting":true,"audioPlay":false,"sceneViewState":{"m_AlwaysRefresh":false,"showFog":true,"showSkybox":true,"showFlares":true,"showImageEffects":true,"showParticleSystems":true,"showVisualEffectGraphs":true,"m_FxEnabled":true},"in2DMode":false,"pivot":{"x":-1.7506561279296876,"y":-1.2485651969909669,"z":-1.9270925521850587},"rotation":{"x":0.08498629927635193,"y":-0.8889322876930237,"z":0.18390047550201417,"w":0.41080591082572939},"size":6.506668567657471,"orthographic":false}